fold,auroc,precision,recall,f1_score
1,0.9782344827586206,0.48266754704522946,0.9746666666666667,0.6456171340251711
2,0.9809730356133408,0.5129020855425945,0.9673333333333334,0.6703626703626704
3,0.9313953269267007,0.26306107431935244,0.9533333333333334,0.41234140715109574
4,0.9155974373469002,0.23581986937091784,0.9146666666666666,0.374965837660563
5,0.8687837573016772,0.1854724964739069,0.8766666666666667,0.3061699650756694
