fold,auroc,precision,recall,f1_score
1,0.8351376107028452,0.1661494698732868,0.8566666666666667,0.2783192549274421
2,0.9777969474279253,0.4355128974205159,0.968,0.6007447248655358
3,0.9494265309967966,0.32265342960288806,0.9533333333333334,0.48213081591368845
4,0.8140679291501791,0.16737481031866464,0.7353333333333333,0.2726823238566131
5,0.9409362916902205,0.3210366565491478,0.9166666666666666,0.4755317309355006
