fold,auroc,precision,recall,f1_score
1,0.9869991824195754,0.3848009650180941,0.9770290964777948,0.552141929900476
2,0.9962288524594498,0.5655951346655083,0.996937212863706,0.7217294900221729
3,0.9910490806020618,0.44937586685159503,0.9923430321592649,0.6186157517899762
4,0.9941513587895845,0.4519031141868512,1.0,0.6224976167778837
5,0.6178562918993444,0.052093023255813956,0.42879019908116384,0.09289980092899801
