id,centroid_x,centroid_y,area,perimeter,circularity,bbox_x,bbox_y,bbox_width,bbox_height,img_height,img_width
1,254.61,709.27,2170,168.05,0.93045,230.5,679.5,50,62,62,50
2,316.87,248.09,2201,168.47,0.9392,290.5,220.5,58,56,56,58
3,322.63,134.71,1956,156.13,0.969,300.5,108.5,48,52,52,48
4,335.92,618.11,1659,146.23,0.93432,314.5,591.5,40,54,54,40
5,358.71,508.92,2641,183.01,0.95771,324.5,481.5,65,52,52,65
6,386.14,585.57,1502,136.7,0.9652,366.5,563.5,39,46,46,39
7,580.47,688.48,2094,164.79,0.93306,559.5,657.5,42,64,64,42
8,658.03,32.774,2244,167.12,0.9727,633.5,6.5,50,54,54,50
9,677.98,169.45,2235,166.81,0.97238,651.5,144.5,54,52,52,54
