id,centroid_x,centroid_y,area,perimeter,circularity,bbox_x,bbox_y,bbox_width,bbox_height,img_height,img_width
1,243.05,705.06,2355,172.9,0.95495,216.5,675.5,54,60,60,54
2,316.36,269.36,2620,181.61,0.96453,286.5,240.5,62,54,54,62
3,325.66,136.74,1986,158.32,0.95726,298.5,114.5,54,44,44,54
4,351.22,514.4,2642,181.93,0.96933,318.5,485.5,61,56,56,61
5,364.76,608.13,2466,175.38,0.97238,340.5,577.5,49,60,60,49
6,573.74,665.65,2406,175.79,0.94433,547.5,635.5,52,60,60,52
7,688.75,70.045,2232,167.59,0.96217,661.5,46.5,56,48,48,56
8,701.28,166.96,2446,174.87,0.97004,673.5,140.5,56,56,56,56
