id,centroid_x,centroid_y,area,perimeter,circularity,bbox_x,bbox_y,bbox_width,bbox_height,img_height,img_width
1,256.21,707.53,1988,159.4,0.94555,232.5,681.5,50,56,56,50
2,314.76,248.22,2084,164.1,0.93625,290.5,222.5,52,52,52,52
3,322.75,136.5,1945,155.58,0.97019,300.5,110.5,48,52,52,48
4,337.5,616.63,1606,145.44,0.91417,318.5,589.5,36,56,56,36
5,358.4,510.39,2652,184.11,0.95045,324.5,483.5,67,52,52,67
6,386.21,586.55,1591,142.39,0.94401,364.5,563.5,41,50,50,41
7,578.23,689.07,2090,166.35,0.91419,557.5,657.5,42,64,64,42
8,657.39,29.112,2157,166.84,0.93807,631.5,4.5,56,52,52,56
9,675.12,167.02,2305,168.32,0.9853,647.5,140.5,54,54,54,54
