id,centroid_x,centroid_y,area,perimeter,circularity,bbox_x,bbox_y,bbox_width,bbox_height,img_height,img_width
1,251.2,715.82,2380,173.99,0.95322,226.5,685.5,52,62,62,52
2,314,271.63,2723,186.1,0.95553,282.5,242.5,64,54,54,64
3,322.35,135.09,2018,161.53,0.93513,296.5,110.5,54,48,48,54
4,357.47,504.15,2816,188.49,0.96365,324.5,473.5,65,58,58,65
5,361.1,604.45,2366,172.41,0.96477,338.5,575.5,47,58,58,47
6,571.97,668.51,2294,170.15,0.95993,545.5,641.5,52,56,56,52
7,685.98,68.163,2280,169.39,0.96251,659.5,42.5,54,52,52,54
8,698.28,172.77,2457,176.07,0.96131,667.5,142.5,56,60,60,56
9,730.18,395.45,100,33.676,0.92704,725.5,389.5,10,12,12,10
