id,centroid_x,centroid_y,area,perimeter,circularity,bbox_x,bbox_y,bbox_width,bbox_height,img_height,img_width
1,242.31,698.97,2450,176.32,0.95595,216.5,671.5,54,56,56,54
2,319.11,135.13,2273,167.87,0.97672,290.5,110.5,56,48,48,56
3,326.38,273.77,2780,186.84,0.96788,294.5,244.5,64,56,56,64
4,348.39,513.7,2720,183.44,0.98182,316.5,483.5,61,58,58,61
5,372.58,607.58,2698,181.74,0.99191,342.5,579.5,59,58,58,59
6,574.36,666.41,2645,184.71,0.94194,549.5,633.5,50,64,64,50
7,691.04,64.089,2406,171.28,0.99386,663.5,38.5,56,52,52,56
8,667.47,112.11,57,24.496,0.93774,663.5,108.5,8,8,8,8
9,699.95,162.35,2561,176.85,0.99338,673.5,134.5,54,56,56,54
