id,centroid_x,centroid_y,area,perimeter,circularity,bbox_x,bbox_y,bbox_width,bbox_height,img_height,img_width
1,241.16,700.72,2353,171.52,0.96921,214.5,673.5,54,56,56,54
2,319.6,270.95,2630,182.21,0.962,288.5,242.5,62,56,56,62
3,320.6,135.99,2078,161.93,0.95832,292.5,112.5,56,46,46,56
4,347.72,515.76,2617,180.98,0.97009,316.5,485.5,59,58,58,59
5,369.9,608.79,2607,179.8,0.97885,344.5,579.5,53,60,60,53
6,575.68,665.64,2457,178.9,0.9317,551.5,633.5,48,62,62,48
7,688.38,66.62,2221,166.64,0.96818,661.5,42.5,56,50,50,56
8,699.46,162.41,2437,173.54,0.98101,671.5,136.5,56,54,54,56
