id,centroid_x,centroid_y,area,perimeter,circularity,bbox_x,bbox_y,bbox_width,bbox_height,img_height,img_width
1,242.09,698.16,2439,176.18,0.95315,216.5,669.5,52,56,56,52
2,318.47,134.51,2255,166.98,0.97917,290.5,108.5,56,50,50,56
3,323.29,272.87,2780,187.16,0.96469,290.5,242.5,66,58,58,66
4,347.31,514.91,2693,182.47,0.98232,316.5,485.5,59,58,58,59
5,373.06,609.12,2682,181.87,0.98462,346.5,579.5,55,60,60,55
6,575.64,665.44,2545,182.03,0.93276,551.5,633.5,48,62,62,48
7,621.29,381.29,69,27.035,0.95218,617.5,376.5,8,10,10,8
8,689.31,65.639,2282,169.37,0.96354,661.5,42.5,58,48,48,58
9,700.29,161.69,2522,175.99,0.98767,673.5,134.5,56,56,56,56
