id,centroid_x,centroid_y,area,perimeter,circularity,bbox_x,bbox_y,bbox_width,bbox_height,img_height,img_width
1,253.06,716.08,2368,173.51,0.95358,226.5,685.5,54,62,62,54
2,313.88,269.67,2672,184.06,0.95812,282.5,240.5,64,54,54,64
3,319.43,133.08,1898,154.79,0.95629,294.5,110.5,52,46,46,52
4,361.66,500.56,2768,187.71,0.95496,328.5,469.5,63,58,58,63
5,361.33,604.76,2329,171.3,0.96179,336.5,577.5,49,56,56,49
6,571.31,671.9,2358,172.95,0.95564,547.5,641.5,46,62,62,46
7,684.14,65.029,2245,168.43,0.95837,657.5,40.5,54,50,50,54
8,696.37,173.21,2404,173.56,0.96753,667.5,144.5,54,58,58,54
