id,centroid_x,centroid_y,area,perimeter,circularity,bbox_x,bbox_y,bbox_width,bbox_height,img_height,img_width
1,241.32,702.72,2334,170.91,0.96815,216.5,675.5,52,56,56,52
2,318.07,271.15,2672,184.34,0.95524,286.5,240.5,64,58,58,64
3,323.08,135.72,2072,161.24,0.96364,294.5,110.5,56,48,48,56
4,349,515.87,2598,180.61,0.96687,316.5,487.5,61,56,56,61
5,367.24,608.86,2485,176.51,0.96755,342.5,579.5,49,58,58,49
6,574.87,663.86,2404,175.16,0.95022,551.5,633.5,48,60,60,48
7,688.44,68.97,2236,168.28,0.95618,659.5,46.5,60,46,46,60
8,699.84,164.9,2459,174.29,0.98158,671.5,138.5,56,54,54,56
