id,centroid_x,centroid_y,area,perimeter,circularity,bbox_x,bbox_y,bbox_width,bbox_height,img_height,img_width
1,245.2,709.37,2442,175.08,0.96613,220.5,679.5,52,60,60,52
2,314.62,272.21,2693,184.39,0.96225,282.5,244.5,64,52,52,64
3,325.94,136.93,1974,156.51,0.97327,298.5,114.5,56,44,44,56
4,352.87,510.88,2703,183.44,0.97568,320.5,481.5,61,58,58,61
5,362.53,606.13,2469,176.56,0.96079,338.5,575.5,49,60,60,49
6,572.92,664.96,2344,173.63,0.9426,545.5,637.5,54,56,56,54
7,688.21,70.393,2297,169.57,0.96765,659.5,46.5,58,48,48,58
8,701.14,169.37,2401,171.87,0.98505,673.5,142.5,54,56,56,54
