id,centroid_x,centroid_y,area,perimeter,circularity,bbox_x,bbox_y,bbox_width,bbox_height,img_height,img_width
1,262.45,727.33,2394,176.06,0.93683,238.5,695.5,50,66,66,50
2,313.96,252.44,2486,179.02,0.94149,288.5,222.5,54,60,60,54
3,316.73,129.96,1963,157.55,0.95533,294.5,102.5,48,56,56,48
4,356.65,604.63,3401,227.5,0.80342,318.5,565.5,73,78,78,73
5,362.67,508.77,2703,183.62,0.97378,330.5,479.5,63,56,56,63
6,576.09,681.06,2245,167.59,0.96785,551.5,651.5,48,60,60,48
7,674.52,44.633,2203,168.38,0.94099,649.5,18.5,50,52,52,50
8,684.6,173.82,2310,169.23,0.97704,657.5,148.5,54,54,54,54
