id,centroid_x,centroid_y,area,perimeter,circularity,bbox_x,bbox_y,bbox_width,bbox_height,img_height,img_width
1,247.57,711.53,2395,174.55,0.95317,222.5,681.5,52,62,62,52
2,313.36,271.43,2742,186.29,0.96018,282.5,242.5,64,54,54,64
3,324.63,135.32,2046,159.7,0.96961,296.5,112.5,56,46,46,56
4,355.32,508.11,2729,184.77,0.97124,322.5,477.5,63,58,58,63
5,361.97,605,2481,177.03,0.96042,338.5,575.5,49,60,60,49
6,570.92,666.85,2329,172.8,0.94548,543.5,639.5,54,56,56,54
7,686.66,70.975,2296,170.12,0.96114,659.5,46.5,56,50,50,56
8,700.65,170.86,2388,173.01,0.96706,671.5,142.5,54,58,58,54
