id,centroid_x,centroid_y,area,perimeter,circularity,bbox_x,bbox_y,bbox_width,bbox_height,img_height,img_width
1,255.43,717.69,2352,172.88,0.95393,230.5,687.5,50,62,62,50
2,317.22,266.28,2578,181.57,0.94949,286.5,238.5,64,54,54,64
3,316.03,132.43,1852,152.09,0.96581,292.5,106.5,48,52,52,48
4,364.14,498.81,2798,187.16,0.97086,332.5,467.5,61,60,60,61
5,362.13,605.55,1979,158.38,0.9532,340.5,579.5,43,54,54,43
6,572.19,673.9,2302,170.75,0.9567,549.5,643.5,46,62,62,46
7,684.29,59.947,2251,167.37,0.9729,657.5,34.5,54,52,52,54
8,695.72,173.16,2356,170.95,0.9769,667.5,144.5,54,56,56,54
