id,centroid_x,centroid_y,area,perimeter,circularity,bbox_x,bbox_y,bbox_width,bbox_height,img_height,img_width
1,241.83,698.21,2397,173.73,0.96285,216.5,671.5,52,54,54,52
2,317.52,134.66,2252,167.36,0.97351,288.5,108.5,56,50,50,56
3,325.86,273.39,2777,186.73,0.96802,294.5,242.5,64,58,58,64
4,347.82,513.38,2731,183.82,0.98179,316.5,483.5,61,58,58,61
5,373.53,607.7,2707,182.71,0.9848,344.5,577.5,57,62,62,57
6,575.85,666.33,2621,184.16,0.93885,551.5,633.5,50,64,64,50
7,690.35,63.773,2356,170.18,0.98551,663.5,38.5,56,52,52,56
8,700.09,160.82,2517,175.39,0.9923,673.5,132.5,54,56,56,54
