id,centroid_x,centroid_y,area,perimeter,circularity,bbox_x,bbox_y,bbox_width,bbox_height,img_height,img_width
1,260.57,721.23,2303,171.91,0.94448,236.5,691.5,50,62,62,50
2,315.95,252.72,2490,179.46,0.93839,288.5,222.5,58,60,60,58
3,317.78,130.25,1938,155.36,0.96934,296.5,104.5,44,54,54,44
4,338.85,619.07,1587,142.51,0.94004,316.5,595.5,42,50,50,42
5,362.66,511.79,2738,185.34,0.96847,330.5,481.5,63,58,58,63
6,376.25,586.09,1521,139.98,0.93308,352.5,563.5,43,48,48,43
7,577.25,683,2269,171.43,0.93558,555.5,651.5,46,64,64,46
8,671.32,40.593,2045,160.76,0.95658,647.5,16.5,48,48,48,48
9,682.78,172.63,2281,168.53,0.97261,655.5,148.5,56,52,52,56
