fold,auroc,precision,recall,f1_score
1,0.9708925925006002,0.22896698615548455,0.9892638036809815,0.3718650908042664
2,0.9785175893958586,0.329002079002079,0.9708588957055214,0.49145962732919257
3,0.9810763932010298,0.29172320217096337,0.9892638036809815,0.4505763185469787
4,0.9933013337969747,0.5704162976085031,0.9877300613496932,0.7231892195395845
5,0.9835763311061988,0.3246753246753247,0.9969325153374233,0.4898266767143934
