fold,auroc,precision,recall,f1_score
1,0.9618891652534388,0.36463104325699747,0.9553333333333334,0.5278084714548803
2,0.9808421330318446,0.468370607028754,0.9773333333333334,0.6332613390928725
3,0.9551954776710007,0.3437573477545262,0.9746666666666667,0.5082565617938467
4,0.6955537591859807,0.2062904717853839,0.446,0.2820999367488931
5,0.6994804974561899,0.21179883945841393,0.438,0.28552803129074317
