fold,auroc,precision,recall,f1_score
1,0.9486932730356131,0.32668213457076567,0.9386666666666666,0.4846815834767642
2,0.9718997361974749,0.4038037486218302,0.9766666666666667,0.5713728549141965
3,0.9509280949689091,0.3436385255648038,0.9633333333333334,0.5065731814198072
4,0.8858808554739025,0.19577090043411288,0.932,0.32357366045596575
5,0.7033706613906162,0.20519083969465648,0.448,0.28146596858638745
