fold,auroc,precision,recall,f1_score
1,0.9553331180712518,0.17505411255411255,0.9923312883435583,0.29760809567617297
2,0.623449326478064,0.05563015538077882,0.4447852760736196,0.0988917306052856
3,0.9824504690229585,0.3660864682762493,1.0,0.5359638306617345
4,0.9970826192427743,0.6176470588235294,0.9984662576687117,0.7631887456037515
5,0.9947006615169353,0.49581111957349583,0.9984662576687117,0.6625954198473283
