fold,auroc,precision,recall,f1_score
1,0.9301521575277935,0.2735229759299781,0.9166666666666666,0.42132679638425
2,0.9758989259468626,0.4735601212529471,0.9373333333333334,0.6292235399418215
3,0.9768150179008857,0.43902439024390244,0.96,0.602510460251046
4,0.9787891652534388,0.44606060606060605,0.9813333333333333,0.6133333333333333
5,0.930759826644055,0.2887486855941115,0.9153333333333333,0.4390087929656275
