fold,auroc,precision,recall,f1_score
1,0.9804540776906294,0.3056083650190114,0.9846860643185299,0.46644903881030103
2,0.9819903456772335,0.3103448275862069,0.9785604900459418,0.47123893805309736
3,0.9778651831690792,0.285336856010568,0.9923430321592649,0.4432284541723666
4,0.9757302705021345,0.2612721417069243,0.9938744257274119,0.4137711189034109
5,0.6263889200998546,0.056729444189251264,0.3782542113323124,0.09866187337727182
