fold,auroc,precision,recall,f1_score
1,0.9709652157527793,0.4049887892376682,0.9633333333333334,0.5702446724546172
2,0.9911176936122104,0.576847868596011,0.9833333333333333,0.7271382795168844
3,0.9731482193329565,0.40482796892341844,0.9726666666666667,0.5717084639498433
4,0.973108140192199,0.44014510278113667,0.9706666666666667,0.6056572379367721
5,0.9505706425475786,0.3299742207640028,0.9386666666666666,0.4882954742500433
