fold,auroc,precision,recall,f1_score
1,0.9173629922743547,0.2674487969775303,0.8966666666666666,0.4120079644662276
2,0.8533704541172038,0.17403689636462288,0.8553333333333333,0.28922452660054104
3,0.9161893348407762,0.24902378416755414,0.9353333333333333,0.39332772638071206
4,0.9537971923874129,0.3583138173302108,0.918,0.5154407636159462
5,0.919787959299039,0.24189307624890447,0.92,0.3830673143650243
