fold,auroc,precision,recall,f1_score
1,0.8997749952892404,0.22783801020408162,0.9526666666666667,0.3677303139475039
2,0.7060223101563974,0.22151292690711777,0.46266666666666667,0.2995898985538528
3,0.9302976823063878,0.2963917525773196,0.92,0.44834307992202727
4,0.9819219521386848,0.5077084793272599,0.966,0.6655948553054662
5,0.9470741096664781,0.327614571092832,0.9293333333333333,0.4844483058210252
