fold,auroc,precision,recall,f1_score
1,0.9611511211607311,0.3612709532149112,0.9626666666666667,0.5253774786247044
2,0.9758827963067647,0.4224364592462752,0.964,0.5874466788543571
3,0.9780086489542114,0.4709489993544222,0.9726666666666667,0.6346237494562853
4,0.9057568871302053,0.22508868107062238,0.9306666666666666,0.3625032459101532
5,0.9648496325607686,0.3807763401109057,0.9613333333333334,0.5454889351238887
