fold,auroc,precision,recall,f1_score
1,0.9289701526286037,0.2698043773000194,0.9286666666666666,0.41812997148431635
2,0.9733172413793103,0.43987730061349695,0.956,0.6025210084033613
3,0.9692287921612964,0.4618487394957983,0.916,0.6140782122905027
4,0.6959067081213491,0.2056476365868631,0.44666666666666666,0.2816309373686423
5,0.8677427360090446,0.18475031829113028,0.8706666666666667,0.3048196989146925
