fold,auroc,precision,recall,f1_score
1,0.9963597526141924,0.5154150197628459,1.0,0.6802295252999478
2,0.980162440078488,0.2882801975752133,0.9846625766871165,0.4459881903438694
3,0.9962366392621479,0.5465994962216625,0.9984662576687117,0.7064568638090071
4,0.9790573590654315,0.3484340044742729,0.9555214723926381,0.510655737704918
5,0.986241068693442,0.33627858627858626,0.9923312883435583,0.5023291925465838
